{"v":"5.7.1","fr":25,"ip":0,"op":76,"w":1125,"h":660,"nm":"banner","ddd":0,"assets":[{"id":"image_0","w":24,"h":28,"u":"images/","p":"img_0.png","e":0},{"id":"image_1","w":17,"h":18,"u":"images/","p":"img_1.png","e":0},{"id":"image_2","w":12,"h":29,"u":"images/","p":"img_2.png","e":0},{"id":"image_3","w":16,"h":24,"u":"images/","p":"img_3.png","e":0},{"id":"image_4","w":92,"h":80,"u":"images/","p":"img_4.png","e":0},{"id":"image_5","w":79,"h":270,"u":"images/","p":"img_5.png","e":0},{"id":"image_6","w":237,"h":194,"u":"images/","p":"img_6.png","e":0},{"id":"image_7","w":77,"h":97,"u":"images/","p":"img_7.png","e":0},{"id":"image_8","w":97,"h":65,"u":"images/","p":"img_8.png","e":0},{"id":"image_9","w":1126,"h":61,"u":"images/","p":"img_9.png","e":0},{"id":"image_10","w":59,"h":61,"u":"images/","p":"img_10.png","e":0},{"id":"image_11","w":90,"h":158,"u":"images/","p":"img_11.png","e":0},{"id":"image_12","w":1,"h":1,"u":"images/","p":"img_12.png","e":0},{"id":"image_13","w":1943,"h":1346,"u":"images/","p":"img_13.png","e":0}],"layers":[{"ddd":0,"ind":1,"ty":2,"nm":"music_03","refId":"image_0","sr":1,"ks":{"o":{"a":1,"k":[{"i":{"x":[0.833],"y":[0.833]},"o":{"x":[0.167],"y":[0.167]},"t":0,"s":[0]},{"i":{"x":[0.833],"y":[0.833]},"o":{"x":[0.167],"y":[0.167]},"t":18,"s":[100]},{"t":53,"s":[0]}],"ix":11},"r":{"a":0,"k":0,"ix":10},"p":{"a":1,"k":[{"i":{"x":0.833,"y":0.833},"o":{"x":0.167,"y":0.167},"t":0,"s":[146.829,375.775,0],"to":[85.876,-102.646,0],"ti":[-25.65,70.477,0]},{"i":{"x":0.833,"y":0.833},"o":{"x":0.167,"y":0.167},"t":29,"s":[173.169,187.62,0],"to":[41.543,-114.146,0],"ti":[25,107.5,0]},{"t":51,"s":[252,37,0]}],"ix":2},"a":{"a":0,"k":[11.886,13.837,0],"ix":1},"s":{"a":0,"k":[100,100,100],"ix":6}},"ao":0,"ip":0,"op":1000,"st":0,"bm":0},{"ddd":0,"ind":2,"ty":2,"nm":"music_02","refId":"image_1","sr":1,"ks":{"o":{"a":1,"k":[{"i":{"x":[0.833],"y":[0.833]},"o":{"x":[0.167],"y":[0.167]},"t":3,"s":[0]},{"i":{"x":[0.833],"y":[0.833]},"o":{"x":[0.167],"y":[0.167]},"t":23,"s":[100]},{"t":61,"s":[0]}],"ix":11},"r":{"a":0,"k":0,"ix":10},"p":{"a":1,"k":[{"i":{"x":0.833,"y":0.833},"o":{"x":0.167,"y":0.167},"t":3,"s":[166.741,374.376,0],"to":[81.792,-73.392,0],"ti":[-3.106,47.433,0]},{"i":{"x":0.833,"y":0.833},"o":{"x":0.167,"y":0.167},"t":32,"s":[189.177,217.528,0],"to":[4.186,-63.928,0],"ti":[39.547,115.354,0]},{"t":57,"s":[248,50,0]}],"ix":2},"a":{"a":0,"k":[8.412,8.6,0],"ix":1},"s":{"a":0,"k":[100,100,100],"ix":6}},"ao":0,"ip":0,"op":1000,"st":0,"bm":0},{"ddd":0,"ind":3,"ty":2,"nm":"music_01","refId":"image_2","sr":1,"ks":{"o":{"a":1,"k":[{"i":{"x":[0.833],"y":[0.833]},"o":{"x":[0.167],"y":[0.167]},"t":6,"s":[0]},{"i":{"x":[0.833],"y":[0.833]},"o":{"x":[0.167],"y":[0.167]},"t":27,"s":[100]},{"t":73,"s":[0]}],"ix":11},"r":{"a":0,"k":0,"ix":10},"p":{"a":1,"k":[{"i":{"x":0.833,"y":0.833},"o":{"x":0.167,"y":0.167},"t":6,"s":[155.241,404.905,0],"to":[97.876,-77.646,0],"ti":[-25.65,70.477,0]},{"i":{"x":0.833,"y":0.833},"o":{"x":0.167,"y":0.167},"t":37,"s":[196.75,217.75,0],"to":[41.543,-114.146,0],"ti":[12,105.5,0]},{"t":66,"s":[264,68,0]}],"ix":2},"a":{"a":0,"k":[5.831,14.38,0],"ix":1},"s":{"a":0,"k":[100,100,100],"ix":6}},"ao":0,"ip":0,"op":1000,"st":0,"bm":0},{"ddd":0,"ind":4,"ty":2,"nm":"music_00","refId":"image_3","sr":1,"ks":{"o":{"a":1,"k":[{"i":{"x":[0.833],"y":[0.833]},"o":{"x":[0.167],"y":[0.167]},"t":9,"s":[0]},{"i":{"x":[0.833],"y":[0.833]},"o":{"x":[0.167],"y":[0.167]},"t":32,"s":[100]},{"t":76,"s":[0]}],"ix":11},"r":{"a":0,"k":0,"ix":10},"p":{"a":1,"k":[{"i":{"x":0.833,"y":0.833},"o":{"x":0.167,"y":0.167},"t":9,"s":[179.352,426.876,0],"to":[65.376,-84.646,0],"ti":[-25.65,70.477,0]},{"i":{"x":0.833,"y":0.833},"o":{"x":0.167,"y":0.167},"t":48,"s":[188,239,0],"to":[41.543,-114.146,0],"ti":[17,112.5,0]},{"t":76,"s":[255,81,0]}],"ix":2},"a":{"a":0,"k":[7.741,11.876,0],"ix":1},"s":{"a":0,"k":[100,100,100],"ix":6}},"ao":0,"ip":0,"op":1000,"st":0,"bm":0},{"ddd":0,"ind":5,"ty":2,"nm":"voice","refId":"image_4","sr":1,"ks":{"o":{"a":0,"k":100,"ix":11},"r":{"a":0,"k":0,"ix":10},"p":{"a":0,"k":[145.829,454.268,0],"ix":2},"a":{"a":0,"k":[45.718,39.787,0],"ix":1},"s":{"a":0,"k":[100,100,100],"ix":6}},"ao":0,"ip":0,"op":1000,"st":0,"bm":0},{"ddd":0,"ind":6,"ty":2,"nm":"light","refId":"image_5","sr":1,"ks":{"o":{"a":0,"k":100,"ix":11},"r":{"a":0,"k":0,"ix":10},"p":{"a":0,"k":[493.604,398.517,0],"ix":2},"a":{"a":0,"k":[39.335,134.809,0],"ix":1},"s":{"a":0,"k":[100,100,100],"ix":6}},"ao":0,"ip":0,"op":1000,"st":0,"bm":0},{"ddd":0,"ind":7,"ty":2,"nm":"lighting","refId":"image_6","sr":1,"ks":{"o":{"a":1,"k":[{"i":{"x":[0.833],"y":[0.833]},"o":{"x":[0.167],"y":[0.167]},"t":0,"s":[100]},{"i":{"x":[0.833],"y":[0.833]},"o":{"x":[0.167],"y":[0.167]},"t":38,"s":[0]},{"t":75,"s":[100]}],"ix":11},"r":{"a":0,"k":0,"ix":10},"p":{"a":0,"k":[493.604,418.917,0],"ix":2},"a":{"a":0,"k":[118.376,96.974,0],"ix":1},"s":{"a":0,"k":[100,100,100],"ix":6}},"ao":0,"ip":0,"op":1000,"st":0,"bm":0},{"ddd":0,"ind":8,"ty":2,"nm":"plant","refId":"image_7","sr":1,"ks":{"o":{"a":0,"k":100,"ix":11},"r":{"a":1,"k":[{"i":{"x":[0.667],"y":[1]},"o":{"x":[0.333],"y":[0]},"t":0,"s":[10]},{"i":{"x":[0.667],"y":[1]},"o":{"x":[0.333],"y":[0]},"t":18,"s":[0]},{"i":{"x":[0.667],"y":[1]},"o":{"x":[0.333],"y":[0]},"t":38,"s":[10]},{"i":{"x":[0.667],"y":[1]},"o":{"x":[0.333],"y":[0]},"t":57,"s":[0]},{"t":75,"s":[10]}],"ix":10},"p":{"a":0,"k":[930.497,495.482,0],"ix":2},"a":{"a":0,"k":[34.19,96.324,0],"ix":1},"s":{"a":0,"k":[100,100,100],"ix":6}},"ao":0,"ip":0,"op":1000,"st":0,"bm":0},{"ddd":0,"ind":9,"ty":2,"nm":"pot","refId":"image_8","sr":1,"ks":{"o":{"a":0,"k":100,"ix":11},"r":{"a":0,"k":0,"ix":10},"p":{"a":0,"k":[952.516,521.598,0],"ix":2},"a":{"a":0,"k":[48.362,32.117,0],"ix":1},"s":{"a":0,"k":[100,100,100],"ix":6}},"ao":0,"ip":0,"op":1000,"st":0,"bm":0},{"ddd":0,"ind":10,"ty":2,"nm":"bg_00","refId":"image_9","sr":1,"ks":{"o":{"a":0,"k":100,"ix":11},"r":{"a":0,"k":0,"ix":10},"p":{"a":0,"k":[562.5,630.313,0],"ix":2},"a":{"a":0,"k":[562.75,30.25,0],"ix":1},"s":{"a":0,"k":[100,100,100],"ix":6}},"ao":0,"ip":0,"op":1000,"st":0,"bm":0},{"ddd":0,"ind":11,"ty":2,"nm":"fan","refId":"image_10","sr":1,"ks":{"o":{"a":0,"k":100,"ix":11},"r":{"a":1,"k":[{"i":{"x":[0.833],"y":[0.833]},"o":{"x":[0.167],"y":[0.167]},"t":0,"s":[0]},{"t":75,"s":[720]}],"ix":10},"p":{"a":0,"k":[872.645,403.66,0],"ix":2},"a":{"a":0,"k":[28.938,34.627,0],"ix":1},"s":{"a":0,"k":[100,100,100],"ix":6}},"ao":0,"ip":0,"op":1000,"st":0,"bm":0},{"ddd":0,"ind":12,"ty":2,"nm":"fan_bg","refId":"image_11","sr":1,"ks":{"o":{"a":0,"k":100,"ix":11},"r":{"a":0,"k":0,"ix":10},"p":{"a":0,"k":[876.457,441.833,0],"ix":2},"a":{"a":0,"k":[44.994,78.933,0],"ix":1},"s":{"a":0,"k":[100,100,100],"ix":6}},"ao":0,"ip":0,"op":1000,"st":0,"bm":0},{"ddd":0,"ind":13,"ty":2,"nm":"light","refId":"image_12","sr":1,"ks":{"o":{"a":0,"k":100,"ix":11},"r":{"a":0,"k":0,"ix":10},"p":{"a":0,"k":[0,660,0],"ix":2},"a":{"a":0,"k":[0,0,0],"ix":1},"s":{"a":0,"k":[100,100,100],"ix":6}},"ao":0,"ip":0,"op":1000,"st":0,"bm":0},{"ddd":0,"ind":14,"ty":2,"nm":"bg","refId":"image_13","sr":1,"ks":{"o":{"a":0,"k":100,"ix":11},"r":{"a":0,"k":0,"ix":10},"p":{"a":0,"k":[469.616,404.604,0],"ix":2},"a":{"a":0,"k":[971.174,672.698,0],"ix":1},"s":{"a":0,"k":[100,100,100],"ix":6}},"ao":0,"ip":0,"op":1000,"st":0,"bm":0}],"markers":[]}